URL,Section,Route Type,Monetization Method,Index Status (Repo),Indexed In Google (Verified),Added To Sitemap,Sitemap File,Ads Created,Source Hint
https://bestpickzone.com/,home,Static page,None / editorial,Indexable,,Yes,sitemap-main.xml,No,app
https://bestpickzone.com/beauty,beauty,Static page,None / editorial,Indexable,,Yes,sitemap-beauty.xml,No,app/beauty
https://bestpickzone.com/beauty/dr-dennis-gross-vs-omnilux-contour,beauty,Static page,Amazon,Indexable,,Yes,sitemap-beauty.xml,No,app/beauty/dr-dennis-gross-vs-omnilux-contour
https://bestpickzone.com/beauty/dyson-airstrait-vs-ghd-duet-style,beauty,Comparison data,Amazon,Indexable,,Yes,sitemap-beauty.xml,No,lib/comparison-html-articles.ts
https://bestpickzone.com/beauty/dyson-airwrap-vs-shark-flexstyle,beauty,Comparison data,Amazon,Indexable,,Yes,sitemap-beauty.xml,No,lib/comparison-html-articles.ts
https://bestpickzone.com/beauty/laneige-lip-sleeping-mask-vs-rhode-peptide,beauty,Static page,Amazon,Indexable,,Yes,sitemap-beauty.xml,No,app/beauty/laneige-lip-sleeping-mask-vs-rhode-peptide
https://bestpickzone.com/beauty/nuface-trinity-vs-solawave-wand,beauty,Comparison data,Amazon,Indexable,,Yes,sitemap-beauty.xml,No,lib/comparison-html-articles.ts
https://bestpickzone.com/beauty/retinol-vs-bakuchiol-for-sensitive-skin,beauty,Static page,Amazon,Indexable,,Yes,sitemap-beauty.xml,No,app/beauty/retinol-vs-bakuchiol-for-sensitive-skin
https://bestpickzone.com/beauty/revlon-one-step-vs-loreal-steampod,beauty,Comparison data,Amazon,Indexable,,Yes,sitemap-beauty.xml,No,lib/comparison-html-articles.ts
https://bestpickzone.com/beauty/salicylic-acid-vs-benzoyl-peroxide,beauty,Static page,Amazon,Indexable,,Yes,sitemap-beauty.xml,No,app/beauty/salicylic-acid-vs-benzoyl-peroxide
https://bestpickzone.com/beauty/vitamin-c-vs-niacinamide,beauty,Static page,Amazon,Indexable,,Yes,sitemap-beauty.xml,No,app/beauty/vitamin-c-vs-niacinamide
https://bestpickzone.com/books,books,Static page,None / editorial,Indexable,,Yes,sitemap-books.xml,No,app/books
https://bestpickzone.com/books/agatha-christie-hercule-poirot-in-order,books,Static page,Amazon,Indexable,,Yes,sitemap-books.xml,No,app/books/agatha-christie-hercule-poirot-in-order
https://bestpickzone.com/books/agatha-christie-vs-arthur-conan-doyle,books,Static page,Amazon,Indexable,,Yes,sitemap-books.xml,No,app/books/agatha-christie-vs-arthur-conan-doyle
https://bestpickzone.com/books/authors,books,Static page,Amazon,Indexable,,Yes,sitemap-books.xml,No,app/books/authors
https://bestpickzone.com/books/authors/authors-like-colleen-hoover,books,Static page,Amazon,Indexable,,Yes,sitemap-books.xml,No,app/books/authors/authors-like-colleen-hoover
https://bestpickzone.com/books/authors/best-alex-michaelides-books,books,Static page,Amazon,Indexable,,Yes,sitemap-books.xml,No,app/books/authors/best-alex-michaelides-books
https://bestpickzone.com/books/authors/best-lee-child-books,books,Static page,None / editorial,Indexable,,Yes,sitemap-books.xml,No,app/books/authors/best-lee-child-books
https://bestpickzone.com/books/authors/best-patrick-radden-keefe-books,books,Static page,None / editorial,Indexable,,Yes,sitemap-books.xml,No,app/books/authors/best-patrick-radden-keefe-books
https://bestpickzone.com/books/best-action-adventure-books,books,Books data,Amazon,Indexable,,Yes,sitemap-books.xml,No,lib/books-data-part*.ts
https://bestpickzone.com/books/best-audiobooks-on-audible,books,Books data,Amazon,Indexable,,Yes,sitemap-books.xml,No,lib/books-data-part*.ts
https://bestpickzone.com/books/best-beach-reads,books,Books data,Amazon,Indexable,,Yes,sitemap-books.xml,No,lib/books-data-part*.ts
https://bestpickzone.com/books/best-bedtime-books-for-toddlers,books,Books data,Amazon,Indexable,,Yes,sitemap-books.xml,No,lib/books-data-part*.ts
https://bestpickzone.com/books/best-biographies-and-memoirs,books,Books data,Amazon,Indexable,,Yes,sitemap-books.xml,No,lib/books-data-part*.ts
https://bestpickzone.com/books/best-book-club-books,books,Books data,Amazon,Indexable,,Yes,sitemap-books.xml,No,lib/books-data-part*.ts
https://bestpickzone.com/books/best-books-about-addiction-and-recovery,books,Books data,Amazon,Indexable,,Yes,sitemap-books.xml,No,lib/books-data-part*.ts
https://bestpickzone.com/books/best-books-about-anxiety-and-mental-health,books,Books data,Amazon,Indexable,,Yes,sitemap-books.xml,No,lib/books-data-part*.ts
https://bestpickzone.com/books/best-books-about-food-and-cooking,books,Books data,Amazon,Indexable,,Yes,sitemap-books.xml,No,lib/books-data-part*.ts
https://bestpickzone.com/books/best-books-about-friendship,books,Books data,Amazon,Indexable,,Yes,sitemap-books.xml,No,lib/books-data-part*.ts
https://bestpickzone.com/books/best-books-about-grief,books,Books data,Amazon,Indexable,,Yes,sitemap-books.xml,No,lib/books-data-part*.ts
https://bestpickzone.com/books/best-books-about-money-and-wealth,books,Books data,Amazon,Indexable,,Yes,sitemap-books.xml,No,lib/books-data-part*.ts
https://bestpickzone.com/books/best-books-about-nature-and-environment,books,Books data,Amazon,Indexable,,Yes,sitemap-books.xml,No,lib/books-data-part*.ts
https://bestpickzone.com/books/best-books-about-race-and-identity,books,Books data,Amazon,Indexable,,Yes,sitemap-books.xml,No,lib/books-data-part*.ts
https://bestpickzone.com/books/best-books-about-space-and-astronomy,books,Books data,Amazon,Indexable,,Yes,sitemap-books.xml,No,lib/books-data-part*.ts
https://bestpickzone.com/books/best-books-for-anxiety,books,Books data,Amazon,Indexable,,Yes,sitemap-books.xml,No,lib/books-data-part*.ts
https://bestpickzone.com/books/best-books-for-boys-ages-8-12,books,Books data,Amazon,Indexable,,Yes,sitemap-books.xml,No,lib/books-data-part*.ts
https://bestpickzone.com/books/best-books-for-couples,books,Books data,Amazon,Indexable,,Yes,sitemap-books.xml,No,lib/books-data-part*.ts
https://bestpickzone.com/books/best-books-for-entrepreneurs,books,Books data,Amazon,Indexable,,Yes,sitemap-books.xml,No,lib/books-data-part*.ts
https://bestpickzone.com/books/best-books-for-girls-ages-8-12,books,Books data,Amazon,Indexable,,Yes,sitemap-books.xml,No,lib/books-data-part*.ts
https://bestpickzone.com/books/best-books-for-high-school-students,books,Books data,Amazon,Indexable,,Yes,sitemap-books.xml,No,lib/books-data-part*.ts
https://bestpickzone.com/books/best-books-for-introverts,books,Books data,Amazon,Indexable,,Yes,sitemap-books.xml,No,lib/books-data-part*.ts
https://bestpickzone.com/books/best-books-for-new-moms,books,Books data,Amazon,Indexable,,Yes,sitemap-books.xml,No,lib/books-data-part*.ts
https://bestpickzone.com/books/best-books-for-people-who-dont-like-reading,books,Books data,Amazon,Indexable,,Yes,sitemap-books.xml,No,lib/books-data-part*.ts
https://bestpickzone.com/books/best-books-for-reluctant-readers,books,Books data,Amazon,Indexable,,Yes,sitemap-books.xml,No,lib/books-data-part*.ts
https://bestpickzone.com/books/best-books-if-you-loved-harry-potter,books,Books data,Amazon,Indexable,,Yes,sitemap-books.xml,No,lib/books-data-part*.ts
https://bestpickzone.com/books/best-books-of-all-time,books,Books data,Amazon,Indexable,,Yes,sitemap-books.xml,No,lib/books-data-part*.ts
https://bestpickzone.com/books/best-books-on-creativity,books,Books data,Amazon,Indexable,,Yes,sitemap-books.xml,No,lib/books-data-part*.ts
https://bestpickzone.com/books/best-books-on-habits-and-productivity,books,Books data,Amazon,Indexable,,Yes,sitemap-books.xml,No,lib/books-data-part*.ts
https://bestpickzone.com/books/best-books-on-parenting,books,Books data,Amazon,Indexable,,Yes,sitemap-books.xml,No,lib/books-data-part*.ts
https://bestpickzone.com/books/best-books-on-psychology,books,Books data,Amazon,Indexable,,Yes,sitemap-books.xml,No,lib/books-data-part*.ts
https://bestpickzone.com/books/best-books-on-relationships,books,Books data,Amazon,Indexable,,Yes,sitemap-books.xml,No,lib/books-data-part*.ts
https://bestpickzone.com/books/best-books-on-stoicism,books,Books data,Amazon,Indexable,,Yes,sitemap-books.xml,No,lib/books-data-part*.ts
https://bestpickzone.com/books/best-books-set-in-paris,books,Books data,Amazon,Indexable,,Yes,sitemap-books.xml,No,lib/books-data-part*.ts
https://bestpickzone.com/books/best-books-to-read-on-the-beach,books,Books data,Amazon,Indexable,,Yes,sitemap-books.xml,No,lib/books-data-part*.ts
https://bestpickzone.com/books/best-brandon-sanderson-cosmere-order,books,Static page,Amazon,Indexable,,Yes,sitemap-books.xml,No,app/books/best-brandon-sanderson-cosmere-order
https://bestpickzone.com/books/best-brene-brown-books,books,Books data,Amazon,Indexable,,Yes,sitemap-books.xml,No,lib/books-data-part*.ts
https://bestpickzone.com/books/best-business-books,books,Books data,Amazon,Indexable,,Yes,sitemap-books.xml,No,lib/books-data-part*.ts
https://bestpickzone.com/books/best-christmas-and-holiday-books,books,Books data,Amazon,Indexable,,Yes,sitemap-books.xml,No,lib/books-data-part*.ts
https://bestpickzone.com/books/best-classic-childrens-books,books,Books data,Amazon,Indexable,,Yes,sitemap-books.xml,No,lib/books-data-part*.ts
https://bestpickzone.com/books/best-classic-novels,books,Books data,Amazon,Indexable,,Yes,sitemap-books.xml,No,lib/books-data-part*.ts
https://bestpickzone.com/books/best-colleen-hoover-books,books,Books data,eBay,Indexable,,Yes,sitemap-books.xml,No,lib/books-data-part*.ts
https://bestpickzone.com/books/best-cozy-mystery-books,books,Books data,Amazon,Indexable,,Yes,sitemap-books.xml,No,lib/books-data-part*.ts
https://bestpickzone.com/books/best-cozy-mystery-series-to-read,books,Static page,Amazon,Indexable,,Yes,sitemap-books.xml,No,app/books/best-cozy-mystery-series-to-read
https://bestpickzone.com/books/best-crime-fiction,books,Books data,Amazon,Indexable,,Yes,sitemap-books.xml,No,lib/books-data-part*.ts
https://bestpickzone.com/books/best-crime-thrillers-for-women,books,Books data,Amazon,Indexable,,Yes,sitemap-books.xml,No,lib/books-data-part*.ts
https://bestpickzone.com/books/best-cyberpunk-novels-all-time,books,Static page,Amazon,Indexable,,Yes,sitemap-books.xml,No,app/books/best-cyberpunk-novels-all-time
https://bestpickzone.com/books/best-dan-brown-books,books,Books data,Amazon,Indexable,,Yes,sitemap-books.xml,No,lib/books-data-part*.ts
https://bestpickzone.com/books/best-dark-romance-novels,books,Books data,Amazon,Indexable,,Yes,sitemap-books.xml,No,lib/books-data-part*.ts
https://bestpickzone.com/books/best-debut-novels,books,Books data,Amazon,Indexable,,Yes,sitemap-books.xml,No,lib/books-data-part*.ts
https://bestpickzone.com/books/best-dystopian-novels,books,Books data,Amazon,Indexable,,Yes,sitemap-books.xml,No,lib/books-data-part*.ts
https://bestpickzone.com/books/best-early-reader-books,books,Books data,Amazon,Indexable,,Yes,sitemap-books.xml,No,lib/books-data-part*.ts
https://bestpickzone.com/books/best-fantasy-books-for-teens,books,Books data,Amazon,Indexable,,Yes,sitemap-books.xml,No,lib/books-data-part*.ts
https://bestpickzone.com/books/best-fantasy-series-for-adults,books,Books data,Amazon,Indexable,,Yes,sitemap-books.xml,No,lib/books-data-part*.ts
https://bestpickzone.com/books/best-feel-good-books,books,Books data,Amazon,Indexable,,Yes,sitemap-books.xml,No,lib/books-data-part*.ts
https://bestpickzone.com/books/best-george-orwell-books,books,Books data,Amazon,Indexable,,Yes,sitemap-books.xml,No,lib/books-data-part*.ts
https://bestpickzone.com/books/best-gothic-novels,books,Books data,Amazon,Indexable,,Yes,sitemap-books.xml,No,lib/books-data-part*.ts
https://bestpickzone.com/books/best-haruki-murakami-books,books,Books data,Amazon,Indexable,,Yes,sitemap-books.xml,No,lib/books-data-part*.ts
https://bestpickzone.com/books/best-historical-fiction,books,Books data,Amazon,Indexable,,Yes,sitemap-books.xml,No,lib/books-data-part*.ts
https://bestpickzone.com/books/best-historical-fiction-books-2026,books,Static page,Amazon,Indexable,,Yes,sitemap-books.xml,No,app/books/best-historical-fiction-books-2026
https://bestpickzone.com/books/best-history-books,books,Books data,Amazon,Indexable,,Yes,sitemap-books.xml,No,lib/books-data-part*.ts
https://bestpickzone.com/books/best-horror-novels,books,Books data,Amazon,Indexable,,Yes,sitemap-books.xml,No,lib/books-data-part*.ts
https://bestpickzone.com/books/best-inspirational-books,books,Books data,Amazon,Indexable,,Yes,sitemap-books.xml,No,lib/books-data-part*.ts
https://bestpickzone.com/books/best-james-clear-books,books,Books data,Amazon,Indexable,,Yes,sitemap-books.xml,No,lib/books-data-part*.ts
https://bestpickzone.com/books/best-james-patterson-books,books,Books data,Amazon,Indexable,,Yes,sitemap-books.xml,No,lib/books-data-part*.ts
https://bestpickzone.com/books/best-jk-rowling-books,books,Books data,Amazon,Indexable,,Yes,sitemap-books.xml,No,lib/books-data-part*.ts
https://bestpickzone.com/books/best-john-grisham-books,books,Books data,eBay,Indexable,,Yes,sitemap-books.xml,No,lib/books-data-part*.ts
https://bestpickzone.com/books/best-kids-book-series,books,Books data,Amazon,Indexable,,Yes,sitemap-books.xml,No,lib/books-data-part*.ts
https://bestpickzone.com/books/best-leadership-books,books,Books data,Amazon,Indexable,,Yes,sitemap-books.xml,No,lib/books-data-part*.ts
https://bestpickzone.com/books/best-literary-fiction,books,Books data,Amazon,Indexable,,Yes,sitemap-books.xml,No,lib/books-data-part*.ts
https://bestpickzone.com/books/best-magical-realism-books,books,Books data,Amazon,Indexable,,Yes,sitemap-books.xml,No,lib/books-data-part*.ts
https://bestpickzone.com/books/best-malcolm-gladwell-books,books,Books data,Amazon,Indexable,,Yes,sitemap-books.xml,No,lib/books-data-part*.ts
https://bestpickzone.com/books/best-mark-manson-books,books,Books data,Amazon,Indexable,,Yes,sitemap-books.xml,No,lib/books-data-part*.ts
https://bestpickzone.com/books/best-middle-grade-books,books,Books data,Amazon,Indexable,,Yes,sitemap-books.xml,No,lib/books-data-part*.ts
https://bestpickzone.com/books/best-mindfulness-books,books,Books data,Amazon,Indexable,,Yes,sitemap-books.xml,No,lib/books-data-part*.ts
https://bestpickzone.com/books/best-mystery-series,books,Books data,Amazon,Indexable,,Yes,sitemap-books.xml,No,lib/books-data-part*.ts
https://bestpickzone.com/books/best-neil-gaiman-books,books,Books data,Amazon,Indexable,,Yes,sitemap-books.xml,No,lib/books-data-part*.ts
https://bestpickzone.com/books/best-nora-roberts-books,books,Books data,Amazon,Indexable,,Yes,sitemap-books.xml,No,lib/books-data-part*.ts
https://bestpickzone.com/books/best-one-sitting-reads,books,Books data,Amazon,Indexable,,Yes,sitemap-books.xml,No,lib/books-data-part*.ts
https://bestpickzone.com/books/best-personal-finance-books,books,Books data,Amazon,Indexable,,Yes,sitemap-books.xml,No,lib/books-data-part*.ts
https://bestpickzone.com/books/best-philosophy-books,books,Books data,Amazon,Indexable,,Yes,sitemap-books.xml,No,lib/books-data-part*.ts
https://bestpickzone.com/books/best-picture-books-for-toddlers,books,Books data,Amazon,Indexable,,Yes,sitemap-books.xml,No,lib/books-data-part*.ts
https://bestpickzone.com/books/best-political-books,books,Books data,Amazon,Indexable,,Yes,sitemap-books.xml,No,lib/books-data-part*.ts
https://bestpickzone.com/books/best-psychological-thrillers,books,Books data,Amazon,Indexable,,Yes,sitemap-books.xml,No,lib/books-data-part*.ts
https://bestpickzone.com/books/best-psychological-thrillers-with-mind-bending-twists,books,Static page,Amazon,Indexable,,Yes,sitemap-books.xml,No,app/books/best-psychological-thrillers-with-mind-bending-twists
https://bestpickzone.com/books/best-romantasy-books,books,Books data,Amazon,Indexable,,Yes,sitemap-books.xml,No,lib/books-data-part*.ts
https://bestpickzone.com/books/best-romantic-comedy-books,books,Books data,Amazon,Indexable,,Yes,sitemap-books.xml,No,lib/books-data-part*.ts
https://bestpickzone.com/books/best-sci-fi-doorstoppers-epic-space-opera,books,Static page,Amazon,Indexable,,Yes,sitemap-books.xml,No,app/books/best-sci-fi-doorstoppers-epic-space-opera
https://bestpickzone.com/books/best-science-books-for-non-scientists,books,Books data,Amazon,Indexable,,Yes,sitemap-books.xml,No,lib/books-data-part*.ts
https://bestpickzone.com/books/best-science-fiction-books,books,Books data,Amazon,Indexable,,Yes,sitemap-books.xml,No,lib/books-data-part*.ts
https://bestpickzone.com/books/best-self-help-books,books,Books data,Amazon,Indexable,,Yes,sitemap-books.xml,No,lib/books-data-part*.ts
https://bestpickzone.com/books/best-short-classic-books-for-a-flight,books,Static page,Amazon,Indexable,,Yes,sitemap-books.xml,No,app/books/best-short-classic-books-for-a-flight
https://bestpickzone.com/books/best-short-story-collections,books,Books data,Amazon,Indexable,,Yes,sitemap-books.xml,No,lib/books-data-part*.ts
https://bestpickzone.com/books/best-sports-books,books,Books data,Amazon,Indexable,,Yes,sitemap-books.xml,No,lib/books-data-part*.ts
https://bestpickzone.com/books/best-spy-thrillers,books,Books data,Amazon,Indexable,,Yes,sitemap-books.xml,No,lib/books-data-part*.ts
https://bestpickzone.com/books/best-spy-thrillers-realistic,books,Static page,Amazon,Indexable,,Yes,sitemap-books.xml,No,app/books/best-spy-thrillers-realistic
https://bestpickzone.com/books/best-stem-books-for-kids,books,Books data,Amazon,Indexable,,Yes,sitemap-books.xml,No,lib/books-data-part*.ts
https://bestpickzone.com/books/best-stephen-king-books,books,Static page,Amazon,Indexable,,Yes,sitemap-books.xml,No,app/books/best-stephen-king-books
https://bestpickzone.com/books/best-toni-morrison-books,books,Books data,Amazon,Indexable,,Yes,sitemap-books.xml,No,lib/books-data-part*.ts
https://bestpickzone.com/books/best-travel-books,books,Books data,Amazon,Indexable,,Yes,sitemap-books.xml,No,lib/books-data-part*.ts
https://bestpickzone.com/books/best-true-crime-books,books,Books data,Amazon,Indexable,,Yes,sitemap-books.xml,No,lib/books-data-part*.ts
https://bestpickzone.com/books/best-urban-fantasy-series-completed,books,Static page,Amazon,Indexable,,Yes,sitemap-books.xml,No,app/books/best-urban-fantasy-series-completed
https://bestpickzone.com/books/best-war-novels,books,Books data,Amazon,Indexable,,Yes,sitemap-books.xml,No,lib/books-data-part*.ts
https://bestpickzone.com/books/best-ww2-books,books,Books data,Amazon,Indexable,,Yes,sitemap-books.xml,No,lib/books-data-part*.ts
https://bestpickzone.com/books/best-ww2-books-for-beginners,books,Books data,Amazon,Indexable,,Yes,sitemap-books.xml,No,lib/books-data-part*.ts
https://bestpickzone.com/books/best-ya-coming-of-age-books,books,Books data,Amazon,Indexable,,Yes,sitemap-books.xml,No,lib/books-data-part*.ts
https://bestpickzone.com/books/best-ya-fantasy-series,books,Books data,Amazon,Indexable,,Yes,sitemap-books.xml,No,lib/books-data-part*.ts
https://bestpickzone.com/books/best-ya-romance-books,books,Books data,Amazon,Indexable,,Yes,sitemap-books.xml,No,lib/books-data-part*.ts
https://bestpickzone.com/books/best-ya-thrillers,books,Books data,Amazon,Indexable,,Yes,sitemap-books.xml,No,lib/books-data-part*.ts
https://bestpickzone.com/books/books-like-dune-hard-sci-fi,books,Static page,Amazon,Indexable,,Yes,sitemap-books.xml,No,app/books/books-like-dune-hard-sci-fi
https://bestpickzone.com/books/books-like-fourth-wing-fantasy-romance,books,Static page,Amazon,Indexable,,Yes,sitemap-books.xml,No,app/books/books-like-fourth-wing-fantasy-romance
https://bestpickzone.com/books/books-like-it-ends-with-us,books,Static page,Amazon,Indexable,,Yes,sitemap-books.xml,No,app/books/books-like-it-ends-with-us
https://bestpickzone.com/books/books-like-verity-psychological-thrillers,books,Static page,Amazon,Indexable,,Yes,sitemap-books.xml,No,app/books/books-like-verity-psychological-thrillers
https://bestpickzone.com/books/colleen-hoover-books-ranked-worst-to-best,books,Static page,Amazon,Indexable,,No,,No,app/books/colleen-hoover-books-ranked-worst-to-best
https://bestpickzone.com/books/cormac-mccarthy-where-to-start,books,Static page,Amazon,Indexable,,Yes,sitemap-books.xml,No,app/books/cormac-mccarthy-where-to-start
https://bestpickzone.com/books/fredrik-backman-books-ranked,books,Static page,Amazon,Indexable,,Yes,sitemap-books.xml,No,app/books/fredrik-backman-books-ranked
https://bestpickzone.com/books/genre-fiction,books,Static page,Amazon,Indexable,,Yes,sitemap-books.xml,No,app/books/genre-fiction
https://bestpickzone.com/books/genre-fiction/best-civil-war-soldier-memoirs,books,Static page,None / editorial,Indexable,,Yes,sitemap-books.xml,No,app/books/genre-fiction/best-civil-war-soldier-memoirs
https://bestpickzone.com/books/genre-fiction/best-cold-war-thriller-books,books,Static page,None / editorial,Indexable,,Yes,sitemap-books.xml,No,app/books/genre-fiction/best-cold-war-thriller-books
https://bestpickzone.com/books/genre-fiction/best-historical-epics-2026,books,Static page,Amazon,Indexable,,Yes,sitemap-books.xml,No,app/books/genre-fiction/best-historical-epics-2026
https://bestpickzone.com/books/genre-fiction/best-historical-fiction-books,books,Static page,Amazon,Indexable,,Yes,sitemap-books.xml,No,app/books/genre-fiction/best-historical-fiction-books
https://bestpickzone.com/books/genre-fiction/best-history-books-for-beginners,books,Static page,None / editorial,Indexable,,Yes,sitemap-books.xml,No,app/books/genre-fiction/best-history-books-for-beginners
https://bestpickzone.com/books/genre-fiction/best-military-fiction-books,books,Static page,None / editorial,Indexable,,Yes,sitemap-books.xml,No,app/books/genre-fiction/best-military-fiction-books
https://bestpickzone.com/books/genre-fiction/best-new-spy-thriller-books-2026,books,Static page,None / editorial,Indexable,,Yes,sitemap-books.xml,No,app/books/genre-fiction/best-new-spy-thriller-books-2026
https://bestpickzone.com/books/genre-fiction/best-spy-thriller-books,books,Static page,None / editorial,Indexable,,Yes,sitemap-books.xml,No,app/books/genre-fiction/best-spy-thriller-books
https://bestpickzone.com/books/genre-fiction/best-world-war-ii-books,books,Static page,None / editorial,Indexable,,Yes,sitemap-books.xml,No,app/books/genre-fiction/best-world-war-ii-books
https://bestpickzone.com/books/genre-fiction/best-wwii-novels-2026,books,Static page,Amazon,Indexable,,Yes,sitemap-books.xml,No,app/books/genre-fiction/best-wwii-novels-2026
https://bestpickzone.com/books/genre-fiction/devils-guard-review,books,Static page,None / editorial,Indexable,,Yes,sitemap-books.xml,No,app/books/genre-fiction/devils-guard-review
https://bestpickzone.com/books/haruki-murakami-reading-order,books,Static page,Amazon,Indexable,,Yes,sitemap-books.xml,No,app/books/haruki-murakami-reading-order
https://bestpickzone.com/books/hemingway-vs-fitzgerald,books,Static page,Amazon,Indexable,,Yes,sitemap-books.xml,No,app/books/hemingway-vs-fitzgerald
https://bestpickzone.com/books/kids-and-ya,books,Static page,Amazon,Indexable,,Yes,sitemap-books.xml,No,app/books/kids-and-ya
https://bestpickzone.com/books/kids-and-ya/best-2026-summer-reading-for-12-year-old-girls,books,Static page,None / editorial,Indexable,,Yes,sitemap-books.xml,No,app/books/kids-and-ya/best-2026-summer-reading-for-12-year-old-girls
https://bestpickzone.com/books/kids-and-ya/best-2026-summer-reading-for-high-school-students,books,Static page,None / editorial,Indexable,,Yes,sitemap-books.xml,No,app/books/kids-and-ya/best-2026-summer-reading-for-high-school-students
https://bestpickzone.com/books/kids-and-ya/best-books-for-12-year-old-boys-summer-2026,books,Static page,None / editorial,Indexable,,Yes,sitemap-books.xml,No,app/books/kids-and-ya/best-books-for-12-year-old-boys-summer-2026
https://bestpickzone.com/books/lord-of-the-rings-vs-harry-potter,books,Static page,Amazon,Indexable,,Yes,sitemap-books.xml,No,app/books/lord-of-the-rings-vs-harry-potter
https://bestpickzone.com/books/reader-picks,books,Static page,Amazon,Indexable,,Yes,sitemap-books.xml,No,app/books/reader-picks
https://bestpickzone.com/books/reader-picks/best-action-adventure-books-for-men,books,Static page,None / editorial,Indexable,,Yes,sitemap-books.xml,No,app/books/reader-picks/best-action-adventure-books-for-men
https://bestpickzone.com/books/reader-picks/best-books-for-people-who-dont-like-reading,books,Static page,None / editorial,Indexable,,Yes,sitemap-books.xml,No,app/books/reader-picks/best-books-for-people-who-dont-like-reading
https://bestpickzone.com/books/reader-picks/best-books-like-da-vinci-code,books,Static page,None / editorial,Indexable,,Yes,sitemap-books.xml,No,app/books/reader-picks/best-books-like-da-vinci-code
https://bestpickzone.com/books/reader-picks/best-new-books-april-2026,books,Static page,None / editorial,Indexable,,Yes,sitemap-books.xml,No,app/books/reader-picks/best-new-books-april-2026
https://bestpickzone.com/books/reader-picks/best-new-books-june-2026,books,Static page,Amazon,Indexable,,Yes,sitemap-books.xml,No,app/books/reader-picks/best-new-books-june-2026
https://bestpickzone.com/books/reader-picks/best-true-crime-books,books,Static page,Amazon,Indexable,,Yes,sitemap-books.xml,No,app/books/reader-picks/best-true-crime-books
https://bestpickzone.com/books/self-help,books,Static page,Amazon,Indexable,,Yes,sitemap-books.xml,No,app/books/self-help
https://bestpickzone.com/books/self-help/best-book-to-learn-scrum,books,Static page,None / editorial,Indexable,,Yes,sitemap-books.xml,No,app/books/self-help/best-book-to-learn-scrum
https://bestpickzone.com/books/self-help/best-comptia-security-plus-books-2026,books,Static page,None / editorial,Indexable,,Yes,sitemap-books.xml,No,app/books/self-help/best-comptia-security-plus-books-2026
https://bestpickzone.com/books/self-help/best-james-clear-books,books,Static page,Amazon,Indexable,,Yes,sitemap-books.xml,No,app/books/self-help/best-james-clear-books
https://bestpickzone.com/books/self-help/best-personal-finance-books-young-adults,books,Static page,None / editorial,Indexable,,Yes,sitemap-books.xml,No,app/books/self-help/best-personal-finance-books-young-adults
https://bestpickzone.com/books/self-help/best-self-help-books-2026,books,Static page,None / editorial,Indexable,,Yes,sitemap-books.xml,No,app/books/self-help/best-self-help-books-2026
https://bestpickzone.com/books/stephen-king-vs-dean-koontz,books,Static page,Amazon,Indexable,,Yes,sitemap-books.xml,No,app/books/stephen-king-vs-dean-koontz
https://bestpickzone.com/books/taylor-jenkins-reid-books-in-order,books,Static page,Amazon,Indexable,,Yes,sitemap-books.xml,No,app/books/taylor-jenkins-reid-books-in-order
https://bestpickzone.com/books/top-fantasy-romance-novels,books,Static page,Amazon,Indexable,,Yes,sitemap-books.xml,No,app/books/top-fantasy-romance-novels
https://bestpickzone.com/coffee,coffee,Static page,None / editorial,Indexable,,Yes,sitemap-coffee.xml,No,app/coffee
https://bestpickzone.com/coffee/1zpresso-jx-pro-vs-comandante-c40,coffee,Comparison data,Amazon,Indexable,,Yes,sitemap-coffee.xml,No,lib/comparison-html-articles.ts
https://bestpickzone.com/coffee/acaia-lunar-vs-timemore-black-mirror-nano,coffee,Comparison data,Amazon,Indexable,,Yes,sitemap-coffee.xml,No,lib/comparison-html-articles.ts
https://bestpickzone.com/coffee/aeropress-original-vs-aeropress-premium,coffee,Comparison data,Amazon,Indexable,,Yes,sitemap-coffee.xml,No,lib/comparison-html-articles.ts
https://bestpickzone.com/coffee/baratza-virtuoso-plus-vs-fellow-ode-gen-2,coffee,Comparison data,Amazon,Indexable,,Yes,sitemap-coffee.xml,No,lib/comparison-html-articles.ts
https://bestpickzone.com/coffee/best-vintage-coffee-grinders-ebay,coffee,Static page,eBay,Indexable,,Yes,sitemap-coffee.xml,No,app/coffee/best-vintage-coffee-grinders-ebay
https://bestpickzone.com/coffee/breville-bambino-plus-vs-gaggia-classic-pro,coffee,Static page,Amazon,Indexable,,Yes,sitemap-coffee.xml,No,app/coffee/breville-bambino-plus-vs-gaggia-classic-pro
https://bestpickzone.com/coffee/breville-barista-express-vs-delonghi-la-specialista,coffee,Comparison data,Amazon,Indexable,,Yes,sitemap-coffee.xml,No,lib/comparison-html-articles.ts
https://bestpickzone.com/coffee/fellow-stagg-ekg-vs-cosori-gooseneck,coffee,Comparison data,Amazon,Indexable,,Yes,sitemap-coffee.xml,No,lib/comparison-html-articles.ts
https://bestpickzone.com/coffee/hario-v60-vs-chemex-classic,coffee,Comparison data,Amazon,Indexable,,Yes,sitemap-coffee.xml,No,lib/comparison-html-articles.ts
https://bestpickzone.com/coffee/timemore-chestnut-c3-vs-kingrinder-k6,coffee,Comparison data,Amazon,Indexable,,Yes,sitemap-coffee.xml,No,lib/comparison-html-articles.ts
https://bestpickzone.com/finance-software,finance-software,Static page,None / editorial,Indexable,,Yes,sitemap-main.xml,No,app/finance-software
https://bestpickzone.com/health-fitness,health-fitness,Static page,None / editorial,Indexable,,Yes,sitemap-main.xml,No,app/health-fitness
https://bestpickzone.com/home-kitchen,home-kitchen,Static page,None / editorial,Indexable,,Yes,sitemap-main.xml,No,app/home-kitchen
https://bestpickzone.com/home-kitchen/best-air-fryers,home-kitchen,Static page,Amazon,Indexable,,Yes,sitemap-main.xml,No,app/home-kitchen/best-air-fryers
https://bestpickzone.com/home-kitchen/best-coffee-makers-under-100,home-kitchen,Static page,Amazon,Indexable,,Yes,sitemap-main.xml,No,app/home-kitchen/best-coffee-makers-under-100
https://bestpickzone.com/home-kitchen/best-kids-fort-for-girls-2026,home-kitchen,Static page,Amazon,Indexable,,Yes,sitemap-main.xml,No,app/home-kitchen/best-kids-fort-for-girls-2026
https://bestpickzone.com/home-kitchen/best-robot-vacuums,home-kitchen,Static page,Amazon,Indexable,,Yes,sitemap-main.xml,No,app/home-kitchen/best-robot-vacuums
https://bestpickzone.com/home-kitchen/best-solar-powered-attic-fans,home-kitchen,Static page,Amazon,Indexable,,Yes,sitemap-main.xml,No,app/home-kitchen/best-solar-powered-attic-fans
https://bestpickzone.com/home-kitchen/best-vintage-countertop-milkshake-machines-ebay,home-kitchen,Static page,eBay,Indexable,,Yes,sitemap-main.xml,No,app/home-kitchen/best-vintage-countertop-milkshake-machines-ebay
https://bestpickzone.com/home-kitchen/instant-pot-vs-ninja-foodi,home-kitchen,Static page,Amazon,Indexable,,Yes,sitemap-main.xml,No,app/home-kitchen/instant-pot-vs-ninja-foodi
https://bestpickzone.com/home-kitchen/oxo-vs-chefn-corn-stripper,home-kitchen,Static page,Amazon,Indexable,,Yes,sitemap-main.xml,No,app/home-kitchen/oxo-vs-chefn-corn-stripper
https://bestpickzone.com/home-kitchen/oxo-vs-fullstar-avocado-slicer,home-kitchen,Static page,None / editorial,Indexable,,Yes,sitemap-main.xml,No,app/home-kitchen/oxo-vs-fullstar-avocado-slicer
https://bestpickzone.com/tech,tech,Static page,None / editorial,Indexable,,Yes,sitemap-main.xml,No,app/tech
https://bestpickzone.com/tech/airpods-pro-vs-sony-wf-1000xm5,tech,Static page,Amazon,Indexable,,No,,No,app/tech/airpods-pro-vs-sony-wf-1000xm5
https://bestpickzone.com/tech/best-budget-monitors,tech,Static page,Amazon,Indexable,,No,,No,app/tech/best-budget-monitors
https://bestpickzone.com/tech/best-laptops-for-college-students,tech,Static page,Amazon,Indexable,,No,,No,app/tech/best-laptops-for-college-students
https://bestpickzone.com/tech/best-mechanical-keyboards,tech,Static page,Amazon,Indexable,,No,,No,app/tech/best-mechanical-keyboards
https://bestpickzone.com/tech/best-wireless-earbuds,tech,Static page,Amazon,Indexable,,No,,No,app/tech/best-wireless-earbuds
https://bestpickzone.com/wfh,wfh,Static page,None / editorial,Indexable,,Yes,sitemap-wfh.xml,No,app/wfh
https://bestpickzone.com/wfh/autonomous-ergochair-pro-vs-hinomi-h1-pro,wfh,Static page,Amazon,Indexable,,Yes,sitemap-wfh.xml,No,app/wfh/autonomous-ergochair-pro-vs-hinomi-h1-pro
https://bestpickzone.com/wfh/best-portable-monitors-under-100-ebay,wfh,Static page,eBay,Indexable,,Yes,sitemap-wfh.xml,No,app/wfh/best-portable-monitors-under-100-ebay
https://bestpickzone.com/wfh/best-used-herman-miller-aeron-chairs-ebay,wfh,Static page,eBay,Indexable,,Yes,sitemap-wfh.xml,No,app/wfh/best-used-herman-miller-aeron-chairs-ebay
https://bestpickzone.com/wfh/elgato-stream-deck-mk2-vs-logitech-mx-creative-console,wfh,Comparison data,Amazon,Indexable,,Yes,sitemap-wfh.xml,No,lib/comparison-html-articles.ts
https://bestpickzone.com/wfh/ergotron-lx-vs-amazon-basics-monitor-arm,wfh,Static page,Amazon,Indexable,,Yes,sitemap-wfh.xml,No,app/wfh/ergotron-lx-vs-amazon-basics-monitor-arm
https://bestpickzone.com/wfh/fully-jarvis-vs-uplift-v2-standing-desk,wfh,Static page,Amazon,Indexable,,Yes,sitemap-wfh.xml,No,app/wfh/fully-jarvis-vs-uplift-v2-standing-desk
https://bestpickzone.com/wfh/herman-miller-aeron-vs-steelcase-gesture,wfh,Comparison data,Amazon,Indexable,,Yes,sitemap-wfh.xml,No,lib/comparison-html-articles.ts
https://bestpickzone.com/wfh/logitech-mx-keys-s-vs-apple-magic-keyboard,wfh,Comparison data,Amazon,Indexable,,Yes,sitemap-wfh.xml,No,lib/comparison-html-articles.ts
https://bestpickzone.com/wfh/logitech-mx-master-3s-vs-apple-magic-mouse,wfh,Comparison data,Amazon,Indexable,,Yes,sitemap-wfh.xml,No,lib/comparison-html-articles.ts
https://bestpickzone.com/wfh/purple-royal-seat-cushion-vs-cushion-lab,wfh,Static page,Amazon,Indexable,,Yes,sitemap-wfh.xml,No,app/wfh/purple-royal-seat-cushion-vs-cushion-lab
https://bestpickzone.com/wfh/secretlab-titan-evo-vs-ergotune-supreme,wfh,Static page,Amazon,Indexable,,Yes,sitemap-wfh.xml,No,app/wfh/secretlab-titan-evo-vs-ergotune-supreme
https://bestpickzone.com/wfh/ultimate-kitchen-table-home-office-setup,wfh,Static page,Amazon,Indexable,,No,,No,app/wfh/ultimate-kitchen-table-home-office-setup
https://bestpickzone.com/wfh/vari-desk-converter-vs-vivo-desk-riser,wfh,Comparison data,Amazon,Indexable,,Yes,sitemap-wfh.xml,No,lib/comparison-html-articles.ts
