Old URL,Final URL,Change,Reason
/books/colleen-hoover-books-ranked-worst-to-best,/books/best-colleen-hoover-books,Preserved; slash/host hops collapsed,Existing topical alias
/wfh/bestpickzone-fully-jarvis-vs-uplift-v2.html,/wfh/fully-jarvis-vs-uplift-v2-standing-desk,Preserved; slash/host hops collapsed,Existing topical alias
/books/bestpickzone-lotr-vs-harry-potter.html,/books/lord-of-the-rings-vs-harry-potter,Preserved; slash/host hops collapsed,Existing topical alias
/home-kitchen/bestpickzone-avocado-slicer-comparison.html,/home-kitchen/oxo-vs-fullstar-avocado-slicer,Preserved; slash/host hops collapsed,Existing topical alias
/home-kitchen/bestpickzone-coffee-maker-comparison.html,/home-kitchen/best-coffee-makers-under-100,Preserved; slash/host hops collapsed,Existing topical alias
/books/bestpickzone-agatha-christie-vs-arthur-conan-doyle.html,/books/agatha-christie-vs-arthur-conan-doyle,Preserved; slash/host hops collapsed,Existing topical alias
/books/genre-fiction/best-beach-reads,/books/best-beach-reads,Preserved; slash/host hops collapsed,Existing topical alias
/wfh/bestpickzone-autonomous-ergchair-vs-hinomi-h1-pro.html,/wfh/autonomous-ergochair-pro-vs-hinomi-h1-pro,Preserved; slash/host hops collapsed,Existing topical alias
/beauty/retinol-vs-bakuchiol,/beauty/retinol-vs-bakuchiol-for-sensitive-skin,Preserved; slash/host hops collapsed,Existing topical alias
/books/bestpickzone-stephen-king-vs-dean-koontz.html,/books/stephen-king-vs-dean-koontz,Preserved; slash/host hops collapsed,Existing topical alias
/wfh/bestpickzone-secretlab-titan-vs-ergotune-supreme.html,/wfh/secretlab-titan-evo-vs-ergotune-supreme,Preserved; slash/host hops collapsed,Existing topical alias
/wfh/bestpickzone-purple-seat-cushion-vs-cushion-lab.html,/wfh/purple-royal-seat-cushion-vs-cushion-lab,Preserved; slash/host hops collapsed,Existing topical alias
/home-kitchen/bestpickzone-air-fryer-comparison.html,/home-kitchen/best-air-fryers,Preserved; slash/host hops collapsed,Existing topical alias
/books/best-true-crime-books,/books/reader-picks/best-true-crime-books,Preserved; slash/host hops collapsed,Existing topical alias
/books/authors/best-james-clear-books,/books/self-help/best-james-clear-books,Added,Correct existing James Clear article
/affiliate-disclosure,/disclosure,Added,Current affiliate disclosure
/category/books,/books,Added,Same Books hub
/wp-sitemap.xml,/sitemap.xml,Added,Current canonical XML sitemap index
/post-sitemap.xml,/sitemap.xml,Added,Current canonical XML sitemap index
/wp-sitemap-posts-page-1.xml,/sitemap.xml,Added,Current canonical XML sitemap index
