URL,Last crawled
https://bestpickzone.com/books,1969-12-31
https://bestpickzone.com/books/authors/best-patrick-radden-keefe-books,1969-12-31
https://bestpickzone.com/books/best-audiobooks-on-audible,1969-12-31
https://bestpickzone.com/books/best-bedtime-books-for-toddlers,1969-12-31
https://bestpickzone.com/books/best-biographies-and-memoirs,1969-12-31
https://bestpickzone.com/books/best-book-club-books,1969-12-31
https://bestpickzone.com/books/best-books-about-anxiety-and-mental-health,1969-12-31
https://bestpickzone.com/books/best-books-about-money-and-wealth,1969-12-31
https://bestpickzone.com/books/best-books-about-nature-and-environment,1969-12-31
https://bestpickzone.com/books/best-books-for-boys-ages-8-12,1969-12-31
https://bestpickzone.com/books/best-books-for-girls-ages-8-12,1969-12-31
https://bestpickzone.com/books/best-books-for-people-who-dont-like-reading,1969-12-31
https://bestpickzone.com/books/best-books-for-reluctant-readers,1969-12-31
https://bestpickzone.com/books/best-books-on-creativity,1969-12-31
https://bestpickzone.com/books/best-books-on-stoicism,1969-12-31
https://bestpickzone.com/books/best-books-set-in-paris,1969-12-31
https://bestpickzone.com/books/best-brene-brown-books,1969-12-31
https://bestpickzone.com/books/best-classic-childrens-books,1969-12-31
https://bestpickzone.com/books/best-classic-novels,1969-12-31
https://bestpickzone.com/books/best-cozy-mystery-books,1969-12-31
https://bestpickzone.com/books/best-crime-fiction,1969-12-31
https://bestpickzone.com/books/best-dark-romance-novels,1969-12-31
https://bestpickzone.com/books/best-debut-novels,1969-12-31
https://bestpickzone.com/books/best-fantasy-books-for-teens,1969-12-31
https://bestpickzone.com/books/best-fantasy-series-for-adults,1969-12-31
https://bestpickzone.com/books/best-george-orwell-books,1969-12-31
https://bestpickzone.com/books/best-gothic-novels,1969-12-31
https://bestpickzone.com/books/best-haruki-murakami-books,1969-12-31
https://bestpickzone.com/books/best-historical-fiction,1969-12-31
https://bestpickzone.com/books/best-history-books,1969-12-31
https://bestpickzone.com/books/best-inspirational-books,1969-12-31
https://bestpickzone.com/books/best-james-clear-books,1969-12-31
https://bestpickzone.com/books/best-james-patterson-books,1969-12-31
https://bestpickzone.com/books/best-jk-rowling-books,1969-12-31
https://bestpickzone.com/books/best-john-grisham-books,1969-12-31
https://bestpickzone.com/books/best-kids-book-series,1969-12-31
https://bestpickzone.com/books/best-magical-realism-books,1969-12-31
https://bestpickzone.com/books/best-middle-grade-books,1969-12-31
https://bestpickzone.com/books/best-mystery-series,1969-12-31
https://bestpickzone.com/books/best-neil-gaiman-books,1969-12-31
https://bestpickzone.com/books/best-nora-roberts-books,1969-12-31
https://bestpickzone.com/books/best-one-sitting-reads,1969-12-31
https://bestpickzone.com/books/best-philosophy-books,1969-12-31
https://bestpickzone.com/books/best-political-books,1969-12-31
https://bestpickzone.com/books/best-psychological-thrillers,1969-12-31
https://bestpickzone.com/books/best-psychological-thrillers-with-mind-bending-twists,1969-12-31
https://bestpickzone.com/books/best-romantasy-books,1969-12-31
https://bestpickzone.com/books/best-science-books-for-non-scientists,1969-12-31
https://bestpickzone.com/books/best-science-fiction-books,1969-12-31
https://bestpickzone.com/books/best-self-help-books,1969-12-31
https://bestpickzone.com/books/best-sports-books,1969-12-31
https://bestpickzone.com/books/best-spy-thrillers,1969-12-31
https://bestpickzone.com/books/best-stem-books-for-kids,1969-12-31
https://bestpickzone.com/books/best-toni-morrison-books,1969-12-31
https://bestpickzone.com/books/best-travel-books,1969-12-31
https://bestpickzone.com/books/best-war-novels,1969-12-31
https://bestpickzone.com/books/best-ya-coming-of-age-books,1969-12-31
https://bestpickzone.com/books/books-like-dune-hard-sci-fi,1969-12-31
https://bestpickzone.com/books/genre-fiction/best-legal-thriller-books,1969-12-31
https://bestpickzone.com/books/genre-fiction/best-new-spy-thriller-books-2026,1969-12-31
https://bestpickzone.com/books/reader-picks/best-books-like-da-vinci-code,1969-12-31
https://bestpickzone.com/books/self-help,1969-12-31
https://bestpickzone.com/books/self-help/best-personal-finance-books-young-adults,1969-12-31
https://bestpickzone.com/coffee/1zpresso-jx-pro-vs-comandante-c40,1969-12-31
https://bestpickzone.com/coffee/breville-barista-express-vs-delonghi-la-specialista,1969-12-31
https://bestpickzone.com/es/libros/mejores-libros-de-stephen-king,1969-12-31
https://bestpickzone.com/es/libros/mejores-libros-de-true-crime,1969-12-31
https://bestpickzone.com/home-kitchen/best-robot-vacuums,1969-12-31
https://bestpickzone.com/home-kitchen/best-tech-for-college-students,1969-12-31
https://bestpickzone.com/tech,1969-12-31
https://bestpickzone.com/tech/best-laptops-for-college-students,1969-12-31
https://bestpickzone.com/tech/best-mechanical-keyboards,1969-12-31
https://bestpickzone.com/wfh/best-portable-monitors-under-100-ebay,1969-12-31